message,label,clean_message
"You are pre-approved for a credit card with a huge limit, apply today.",spam,you are pre approved for a credit card with a huge limit apply today
"FREE ringtones and wallpapers, download now by clicking this link.",spam,free ringtones and wallpapers download now by clicking this link
"Just landed, will call you once I reach the hotel.",ham,just landed will call you once i reach the hotel
"Let's catch up this weekend, it's been a while.",ham,let s catch up this weekend it s been a while
FREE entry into our weekly draw for a chance to win cash prizes!,spam,free entry into our weekly draw for a chance to win cash prizes
Can you send me the notes from today's class?,ham,can you send me the notes from today s class
"Your number has won in the UK lottery, contact us to claim $10,000.",spam,your number has won in the uk lottery contact us to claim
"Claim your free iPhone now, limited stock available, click the link.",spam,claim your free iphone now limited stock available click the link
"Your computer has a virus, click here to download the fix immediately.",spam,your computer has a virus click here to download the fix immediately
"Great catching up with you today, let's do it again soon.",ham,great catching up with you today let s do it again soon
Let's plan a trip to the mountains next month.,ham,let s plan a trip to the mountains next month
WINNER!! You have been selected to receive a FREE prize. Call now!,spam,winner you have been selected to receive a free prize call now
Can we talk about the project timeline tomorrow?,ham,can we talk about the project timeline tomorrow
"You have 1 new voicemail regarding a prize, call this number now.",spam,you have new voicemail regarding a prize call this number now
The weather looks great for a hike this weekend.,ham,the weather looks great for a hike this weekend
Can you review my resume before I send it out?,ham,can you review my resume before i send it out
"URGENT: Your account has been suspended, verify your details immediately.",spam,urgent your account has been suspended verify your details immediately
"Get rich quick with this one simple trick, click the link to learn more.",spam,get rich quick with this one simple trick click the link to learn more
"Congratulations, you have been selected for a cash reward of $5000!",spam,congratulations you have been selected for a cash reward of
The exam has been postponed to next Monday.,ham,the exam has been postponed to next monday
"Your Netflix account is on hold, update billing info to continue access.",spam,your netflix account is on hold update billing info to continue access
I'll send you the invoice once the work is done.,ham,i ll send you the invoice once the work is done
"Investment opportunity, double your money in 7 days, guaranteed returns.",spam,investment opportunity double your money in days guaranteed returns
"Your package could not be delivered, click here to reschedule now.",spam,your package could not be delivered click here to reschedule now
"Hot singles in your area are waiting to chat with you, click here.",spam,hot singles in your area are waiting to chat with you click here
"I finished the assignment, can you check it before I submit?",ham,i finished the assignment can you check it before i submit
Please review the report and share your feedback by tonight.,ham,please review the report and share your feedback by tonight
I updated the spreadsheet with the latest numbers.,ham,i updated the spreadsheet with the latest numbers
Remember to water the plants while I'm away this week.,ham,remember to water the plants while i m away this week
"Act now! This exclusive deal expires in 24 hours, click to claim.",spam,act now this exclusive deal expires in hours click to claim
The train is running 10 minutes late today.,ham,the train is running minutes late today
"Good luck with your interview today, you'll do great.",ham,good luck with your interview today you ll do great
"You have an unclaimed prize waiting, call this number immediately.",spam,you have an unclaimed prize waiting call this number immediately
"Double your crypto investment overnight, join now before spots fill up.",spam,double your crypto investment overnight join now before spots fill up
"You are the lucky winner of our monthly draw, claim your reward today.",spam,you are the lucky winner of our monthly draw claim your reward today
Thanks for helping me move the furniture yesterday.,ham,thanks for helping me move the furniture yesterday
I'm cooking your favorite dish for dinner tonight.,ham,i m cooking your favorite dish for dinner tonight
"Exclusive offer just for you, 90% off all items, shop before midnight.",spam,exclusive offer just for you off all items shop before midnight
"Limited time offer! Buy one get one free on all products, shop now.",spam,limited time offer buy one get one free on all products shop now
"Make money online fast, guaranteed income, click here to get started.",spam,make money online fast guaranteed income click here to get started
"Your subscription has expired, renew now to avoid losing your data.",spam,your subscription has expired renew now to avoid losing your data
Can you help me fix this bug in my code?,ham,can you help me fix this bug in my code
The doctor's appointment got moved to 4 pm on Friday.,ham,the doctor s appointment got moved to pm on friday
Let's grab coffee before the meeting starts.,ham,let s grab coffee before the meeting starts
Your package was delivered to the front desk this morning.,ham,your package was delivered to the front desk this morning
"I'm stuck in traffic, might be 15 minutes late.",ham,i m stuck in traffic might be minutes late
"You have been chosen for a special government grant, claim it today.",spam,you have been chosen for a special government grant claim it today
"The movie starts at 9, let's leave by 8:30.",ham,the movie starts at let s leave by
Let me know if you need help with the project this week.,ham,let me know if you need help with the project this week
"Mom said dinner is ready, come downstairs.",ham,mom said dinner is ready come downstairs
"I'm running a bit late, start without me.",ham,i m running a bit late start without me
"Final notice: your car warranty is about to expire, renew today.",spam,final notice your car warranty is about to expire renew today
Let's split the bill for dinner tonight.,ham,let s split the bill for dinner tonight
"I'll be home by 7, do you need anything from the store?",ham,i ll be home by do you need anything from the store
"Congratulations! You've won a $1000 gift card, claim it now at this link.",spam,congratulations you ve won a gift card claim it now at this link
The wifi password is on the sticky note near the router.,ham,the wifi password is on the sticky note near the router
"I submitted the form, waiting for confirmation now.",ham,i submitted the form waiting for confirmation now
"Earn $500 per day working from home, no experience needed, sign up now.",spam,earn per day working from home no experience needed sign up now
"Win a brand new car by entering our free lucky draw today, click now.",spam,win a brand new car by entering our free lucky draw today click now
Happy anniversary! Wishing you both many more years of happiness.,ham,happy anniversary wishing you both many more years of happiness
"Great job on the presentation, the professor loved it.",ham,great job on the presentation the professor loved it
"The flight got delayed by an hour, landing at 9 now.",ham,the flight got delayed by an hour landing at now
"Congratulations, you qualify for a free home security system, call now.",spam,congratulations you qualify for a free home security system call now
"Unlock premium features for free, click the link before offer ends.",spam,unlock premium features for free click the link before offer ends
Reply now to confirm your free gift card worth $100 before it expires.,spam,reply now to confirm your free gift card worth before it expires
"Get verified followers instantly, click the link to boost your account.",spam,get verified followers instantly click the link to boost your account
Can we reschedule our meeting to Thursday afternoon?,ham,can we reschedule our meeting to thursday afternoon
"Congratulations, your email has been selected for a lucky draw prize.",spam,congratulations your email has been selected for a lucky draw prize
The kids are asking when you're coming to visit.,ham,the kids are asking when you re coming to visit
"Free trial ends today, enter your card details to keep your benefits.",spam,free trial ends today enter your card details to keep your benefits
"Loved the book you recommended, finished it in two days.",ham,loved the book you recommended finished it in two days
"Hey, are we still meeting for lunch tomorrow?",ham,hey are we still meeting for lunch tomorrow
"Hey,   ARE we STILL meeting for lunch tomorrow?",ham,hey are we still meeting for lunch tomorrow
"You have been randomly selected to win a MacBook, claim it here now.",spam,you have been randomly selected to win a macbook claim it here now
"Your bank account will be locked, click here to verify your identity now.",spam,your bank account will be locked click here to verify your identity now
"Get a loan approved in 5 minutes, no credit check required, apply now!",spam,get a loan approved in minutes no credit check required apply now
"Amazing weight loss results in just one week, order your supply now.",spam,amazing weight loss results in just one week order your supply now
"I made pasta for dinner, come over if you're hungry.",ham,i made pasta for dinner come over if you re hungry
"URGENT: Your payment failed, update your card details immediately.",spam,urgent your payment failed update your card details immediately
"Your parcel is held at customs, pay a small fee to release it now.",spam,your parcel is held at customs pay a small fee to release it now
"Cheap meds online, no prescription needed, order now with free delivery.",spam,cheap meds online no prescription needed order now with free delivery
Text STOP to unsubscribe or reply WIN to claim your free gift now.,spam,text stop to unsubscribe or reply win to claim your free gift now
I'll pick you up from the airport at 5 pm.,ham,i ll pick you up from the airport at pm
The library closes at 8 pm on weekdays.,ham,the library closes at pm on weekdays
"Refinance your home loan today and save thousands, apply immediately.",spam,refinance your home loan today and save thousands apply immediately
Don't forget to bring your laptop for the workshop.,ham,don t forget to bring your laptop for the workshop
You have won a free cruise trip! Reply YES to claim your prize now.,spam,you have won a free cruise trip reply yes to claim your prize now
Click here to activate your free trial and get exclusive rewards now.,spam,click here to activate your free trial and get exclusive rewards now
Can you pick up milk on your way back home?,ham,can you pick up milk on your way back home
"Lose 10kg in 10 days with this miracle pill, order now for a discount.",spam,lose kg in days with this miracle pill order now for a discount
"You have been awarded a scholarship, send your details to claim it.",spam,you have been awarded a scholarship send your details to claim it
"Your loan of $10000 has been approved, click here to receive funds.",spam,your loan of has been approved click here to receive funds
"I left my charger at your place, can I grab it tomorrow?",ham,i left my charger at your place can i grab it tomorrow
WINNER!!   Claim your FREE prize NOW!!!,spam,winner claim your free prize now
See you at the gym at 6 am tomorrow.,ham,see you at the gym at am tomorrow
Can you forward me the slides from the meeting?,ham,can you forward me the slides from the meeting
"Congrats on the new job, you totally deserve it.",ham,congrats on the new job you totally deserve it
"Thanks for the birthday gift, I really loved it.",ham,thanks for the birthday gift i really loved it
"Your SIM card will expire soon, call this number to reactivate it now.",spam,your sim card will expire soon call this number to reactivate it now
Happy birthday! Hope you have an amazing day.,ham,happy birthday hope you have an amazing day
Are you free for a call this evening around 6?,ham,are you free for a call this evening around
"Free vacation package waiting for you, call now to book your trip.",spam,free vacation package waiting for you call now to book your trip
