Temperature,Humidity,Soil_Moisture,Sunlight_Hours,Fertilizer_Amount,Growth
24.5,58,42,6.2,8,14.8
25.8,61,45,6.8,10,16.2
26.4,64,47,7.1,11,17.4
27.1,67,50,7.5,12,18.9
28.0,70,53,7.9,14,20.7
28.7,73,56,8.2,15,22.1
29.3,75,59,8.6,17,23.8
30.1,78,61,8.9,18,25.2
26.9,65,49,7.3,13,18.6
25.2,60,44,6.5,9,15.5
27.6,68,52,7.7,13,19.8
29.0,72,57,8.4,16,22.9
24.9,57,41,6.0,7,13.9
30.5,80,64,9.1,20,26.7
28.3,69,54,8.0,14,21.0
27.4,66,51,7.6,12,19.3
29.7,76,60,8.7,18,24.6
25.6,62,46,6.9,10,16.7
28.9,71,55,8.3,15,22.4
26.1,63,48,7.0,11,17.9
