class,support,correct_predictions,per_class_accuracy,precision,recall,f1_score
Apple___Apple_scab,94,84,0.8936170212765957,0.9032258064516129,0.8936170212765957,0.8983957219251337
Apple___Black_rot,93,91,0.978494623655914,0.9479166666666666,0.978494623655914,0.9629629629629629
Apple___Cedar_apple_rust,41,35,0.8536585365853658,0.9722222222222222,0.8536585365853658,0.9090909090909091
Apple___healthy,247,212,0.8582995951417004,0.9636363636363636,0.8582995951417004,0.9079229122055674
Blueberry___healthy,225,224,0.9955555555555555,0.9411764705882353,0.9955555555555555,0.9676025917926566
Cherry_(including_sour)___Powdery_mildew,158,155,0.9810126582278481,0.96875,0.9810126582278481,0.9748427672955975
Cherry_(including_sour)___healthy,128,123,0.9609375,0.9111111111111111,0.9609375,0.935361216730038
Corn_(maize)___Cercospora_leaf_spot Gray_leaf_spot,77,69,0.8961038961038961,0.5390625,0.8961038961038961,0.6731707317073171
Corn_(maize)___Common_rust_,179,177,0.9888268156424581,0.9943820224719101,0.9888268156424581,0.9915966386554622
Corn_(maize)___Northern_Leaf_Blight,148,89,0.6013513513513513,0.9175257731958762,0.6013513513513513,0.726530612244898
Corn_(maize)___healthy,174,173,0.9942528735632183,0.9885714285714285,0.9942528735632183,0.9914040114613181
Grape___Black_rot,177,164,0.9265536723163842,0.8631578947368421,0.9265536723163842,0.8937329700272479
Grape___Esca_(Black_Measles),207,196,0.9468599033816425,0.9560975609756097,0.9468599033816425,0.9514563106796117
Grape___Leaf_blight_(Isariopsis_Leaf_Spot),161,155,0.9627329192546584,0.9281437125748503,0.9627329192546584,0.9451219512195121
Grape___healthy,63,60,0.9523809523809523,1.0,0.9523809523809523,0.975609756097561
Orange___Haunglongbing_(Citrus_greening),826,824,0.9975786924939467,0.9951690821256038,0.9975786924939467,0.9963724304715841
Peach___Bacterial_spot,345,321,0.9304347826086956,0.9385964912280702,0.9304347826086956,0.9344978165938864
Peach___healthy,54,50,0.9259259259259259,0.9090909090909091,0.9259259259259259,0.9174311926605505
"Pepper,_bell___Bacterial_spot",150,138,0.92,0.8263473053892215,0.92,0.8706624605678234
"Pepper,_bell___healthy",222,220,0.990990990990991,0.8118081180811808,0.990990990990991,0.8924949290060852
Potato___Early_blight,150,148,0.9866666666666667,0.7872340425531915,0.9866666666666667,0.8757396449704142
Potato___Late_blight,150,126,0.84,0.8181818181818182,0.84,0.8289473684210527
Potato___healthy,23,18,0.782608695652174,0.9,0.782608695652174,0.8372093023255814
Raspberry___healthy,56,52,0.9285714285714286,0.9285714285714286,0.9285714285714286,0.9285714285714286
Soybean___healthy,764,728,0.9528795811518325,0.9680851063829787,0.9528795811518325,0.9604221635883905
Squash___Powdery_mildew,275,271,0.9854545454545455,0.9783393501805054,0.9854545454545455,0.9818840579710145
Strawberry___Leaf_scorch,166,164,0.9879518072289156,0.9162011173184358,0.9879518072289156,0.9507246376811594
Strawberry___healthy,68,68,1.0,0.9714285714285714,1.0,0.9855072463768116
Tomato___Bacterial_spot,319,286,0.896551724137931,0.9761092150170648,0.896551724137931,0.934640522875817
Tomato___Early_blight,150,96,0.64,0.897196261682243,0.64,0.7470817120622568
Tomato___Late_blight,286,214,0.7482517482517482,0.9029535864978903,0.7482517482517482,0.8183556405353728
Tomato___Leaf_Mold,143,113,0.7902097902097902,0.904,0.7902097902097902,0.8432835820895522
Tomato___Septoria_leaf_spot,266,241,0.9060150375939849,0.8114478114478114,0.9060150375939849,0.8561278863232682
Tomato___Spider_mites Two-spotted_spider_mite,251,221,0.8804780876494024,0.9484978540772532,0.8804780876494024,0.9132231404958677
Tomato___Target_Spot,211,184,0.8720379146919431,0.832579185520362,0.8720379146919431,0.8518518518518519
Tomato___Tomato_Yellow_Leaf_Curl_Virus,804,796,0.9900497512437811,0.9802955665024631,0.9900497512437811,0.9851485148514851
Tomato___Tomato_mosaic_virus,56,55,0.9821428571428571,0.9821428571428571,0.9821428571428571,0.9821428571428571
Tomato___healthy,239,226,0.9456066945606695,0.9912280701754386,0.9456066945606695,0.9678800856531049
