message,label
"You are pre-approved for a credit card with a huge limit, apply today.",spam
"FREE ringtones and wallpapers, download now by clicking this link.",spam
"Just landed, will call you once I reach the hotel.",ham
"Let's catch up this weekend, it's been a while.",ham
,spam
FREE entry into our weekly draw for a chance to win cash prizes!,spam
Can you send me the notes from today's class?,ham
"Your number has won in the UK lottery, contact us to claim $10,000.",spam
"Claim your free iPhone now, limited stock available, click the link.",spam
"Your computer has a virus, click here to download the fix immediately.",spam
"Great catching up with you today, let's do it again soon.",ham
Let's plan a trip to the mountains next month.,ham
WINNER!! You have been selected to receive a FREE prize. Call now!,spam
Can we talk about the project timeline tomorrow?,ham
"You have 1 new voicemail regarding a prize, call this number now.",spam
The weather looks great for a hike this weekend.,ham
Can you review my resume before I send it out?,ham
"URGENT: Your account has been suspended, verify your details immediately.",spam
"Get rich quick with this one simple trick, click the link to learn more.",spam
"Congratulations, you have been selected for a cash reward of $5000!",spam
The exam has been postponed to next Monday.,ham
"Your Netflix account is on hold, update billing info to continue access.",spam
I'll send you the invoice once the work is done.,ham
"Investment opportunity, double your money in 7 days, guaranteed returns.",spam
"Your package could not be delivered, click here to reschedule now.",spam
"Hot singles in your area are waiting to chat with you, click here.",spam
"I finished the assignment, can you check it before I submit?",ham
Please review the report and share your feedback by tonight.,ham
I updated the spreadsheet with the latest numbers.,ham
Remember to water the plants while I'm away this week.,ham
"Act now! This exclusive deal expires in 24 hours, click to claim.",spam
The train is running 10 minutes late today.,ham
"Good luck with your interview today, you'll do great.",ham
"You have an unclaimed prize waiting, call this number immediately.",spam
"Double your crypto investment overnight, join now before spots fill up.",spam
"You are the lucky winner of our monthly draw, claim your reward today.",spam
Thanks for helping me move the furniture yesterday.,ham
I'm cooking your favorite dish for dinner tonight.,ham
WINNER!! You have been selected to receive a FREE prize. Call now!,spam
"Exclusive offer just for you, 90% off all items, shop before midnight.",spam
Missing label example message here,
"Limited time offer! Buy one get one free on all products, shop now.",spam
"Make money online fast, guaranteed income, click here to get started.",spam
"Your subscription has expired, renew now to avoid losing your data.",spam
Can you help me fix this bug in my code?,ham
The doctor's appointment got moved to 4 pm on Friday.,ham
Let's grab coffee before the meeting starts.,ham
Your package was delivered to the front desk this morning.,ham
"I'm stuck in traffic, might be 15 minutes late.",ham
"You have been chosen for a special government grant, claim it today.",spam
"The movie starts at 9, let's leave by 8:30.",ham
Let me know if you need help with the project this week.,ham
"Mom said dinner is ready, come downstairs.",ham
"I'm running a bit late, start without me.",ham
"Final notice: your car warranty is about to expire, renew today.",spam
Let's split the bill for dinner tonight.,ham
"I'll be home by 7, do you need anything from the store?",ham
"Congratulations! You've won a $1000 gift card, claim it now at this link.",spam
The wifi password is on the sticky note near the router.,ham
"I submitted the form, waiting for confirmation now.",ham
"Earn $500 per day working from home, no experience needed, sign up now.",spam
"Win a brand new car by entering our free lucky draw today, click now.",spam
Happy anniversary! Wishing you both many more years of happiness.,ham
"Great job on the presentation, the professor loved it.",ham
"The flight got delayed by an hour, landing at 9 now.",ham
"Congratulations, you qualify for a free home security system, call now.",spam
"Unlock premium features for free, click the link before offer ends.",spam
Reply now to confirm your free gift card worth $100 before it expires.,spam
"Get verified followers instantly, click the link to boost your account.",spam
Can we reschedule our meeting to Thursday afternoon?,ham
"Congratulations, your email has been selected for a lucky draw prize.",spam
The kids are asking when you're coming to visit.,ham
"Free trial ends today, enter your card details to keep your benefits.",spam
"Loved the book you recommended, finished it in two days.",ham
"Hey, are we still meeting for lunch tomorrow?",ham
"  Hey,   ARE we STILL meeting for lunch tomorrow?  ",ham
"You have been randomly selected to win a MacBook, claim it here now.",spam
"Your bank account will be locked, click here to verify your identity now.",spam
"Hey, are we still meeting for lunch tomorrow?",ham
"Get a loan approved in 5 minutes, no credit check required, apply now!",spam
"Amazing weight loss results in just one week, order your supply now.",spam
"I made pasta for dinner, come over if you're hungry.",ham
"URGENT: Your payment failed, update your card details immediately.",spam
"Your parcel is held at customs, pay a small fee to release it now.",spam
"Cheap meds online, no prescription needed, order now with free delivery.",spam
Text STOP to unsubscribe or reply WIN to claim your free gift now.,spam
I'll pick you up from the airport at 5 pm.,ham
The library closes at 8 pm on weekdays.,ham
"Refinance your home loan today and save thousands, apply immediately.",spam
,ham
Don't forget to bring your laptop for the workshop.,ham
You have won a free cruise trip! Reply YES to claim your prize now.,spam
Click here to activate your free trial and get exclusive rewards now.,spam
Can you pick up milk on your way back home?,ham
"Lose 10kg in 10 days with this miracle pill, order now for a discount.",spam
"You have been awarded a scholarship, send your details to claim it.",spam
"Your loan of $10000 has been approved, click here to receive funds.",spam
"I left my charger at your place, can I grab it tomorrow?",ham
WINNER!!   Claim your FREE prize NOW!!!   ,spam
See you at the gym at 6 am tomorrow.,ham
Can you forward me the slides from the meeting?,ham
"Congrats on the new job, you totally deserve it.",ham
"Thanks for the birthday gift, I really loved it.",ham
"Your SIM card will expire soon, call this number to reactivate it now.",spam
Happy birthday! Hope you have an amazing day.,ham
Are you free for a call this evening around 6?,ham
"Free vacation package waiting for you, call now to book your trip.",spam
